"DESCRIPTION","DURATION IN MS","NAME","PARENT SUITE","START TIME","STATUS","STOP TIME","SUB SUITE","SUITE","TEST CLASS","TEST METHOD"
"","936","rendersTheDynamicElementsShell()","","Fri Oct 09 12:22:42 UTC 2026","passed","Fri Oct 09 12:22:43 UTC 2026","","com.coinpulse.selenium.smoke.DynamicSmokeTest","com.coinpulse.selenium.smoke.DynamicSmokeTest","rendersTheDynamicElementsShell"
"","1269","listsDeterministicHeadlinesOnTheNewsTab()","","Fri Oct 09 12:23:28 UTC 2026","passed","Fri Oct 09 12:23:29 UTC 2026","","com.coinpulse.selenium.regression.CompareResultsTest","com.coinpulse.selenium.regression.CompareResultsTest","listsDeterministicHeadlinesOnTheNewsTab"
"","1065","apiCreatedCoinAppearsInTheMarketsTable()","","Fri Oct 09 12:22:48 UTC 2026","passed","Fri Oct 09 12:22:49 UTC 2026","","com.coinpulse.selenium.hybrid.HybridCoinApiUiTest","com.coinpulse.selenium.hybrid.HybridCoinApiUiTest","apiCreatedCoinAppearsInTheMarketsTable"
"","1455","showsTheEmptyStateWhenNoCoinMatches()","","Fri Oct 09 12:23:05 UTC 2026","passed","Fri Oct 09 12:23:07 UTC 2026","","com.coinpulse.selenium.regression.MarketsSearchTest","com.coinpulse.selenium.regression.MarketsSearchTest","showsTheEmptyStateWhenNoCoinMatches"
"","1638","recordsABuyTradeAndShowsASuccessMessage()","","Fri Oct 09 12:23:16 UTC 2026","passed","Fri Oct 09 12:23:18 UTC 2026","","com.coinpulse.selenium.regression.TradeExecuteTest","com.coinpulse.selenium.regression.TradeExecuteTest","recordsABuyTradeAndShowsASuccessMessage"
"","1222","showsSeededMetricsForTheComparedCoinsInTheOverviewTable()","","Fri Oct 09 12:23:27 UTC 2026","passed","Fri Oct 09 12:23:28 UTC 2026","","com.coinpulse.selenium.regression.CompareResultsTest","com.coinpulse.selenium.regression.CompareResultsTest","showsSeededMetricsForTheComparedCoinsInTheOverviewTable"
"","850","returnsToTheOriginallyRequestedPageAfterSigningIn()","","Fri Oct 09 12:23:26 UTC 2026","passed","Fri Oct 09 12:23:27 UTC 2026","","com.coinpulse.selenium.regression.AuthGuardTest","com.coinpulse.selenium.regression.AuthGuardTest","returnsToTheOriginallyRequestedPageAfterSigningIn"
"","977","showsRequiredFieldErrorsWhenSubmittingAnEmptyForm()","","Fri Oct 09 12:23:01 UTC 2026","passed","Fri Oct 09 12:23:02 UTC 2026","","com.coinpulse.selenium.regression.CoinFormValidationTest","com.coinpulse.selenium.regression.CoinFormValidationTest","showsRequiredFieldErrorsWhenSubmittingAnEmptyForm"
"","1127","apiSeededTransactionRaisesTheDashboardTransactionCount()","","Fri Oct 09 12:22:54 UTC 2026","passed","Fri Oct 09 12:22:55 UTC 2026","","com.coinpulse.selenium.hybrid.HybridTradeApiUiTest","com.coinpulse.selenium.hybrid.HybridTradeApiUiTest","apiSeededTransactionRaisesTheDashboardTransactionCount"
"","1159","uiStarRemovalIsPersistedByTheWatchlistApi()","","Fri Oct 09 12:22:51 UTC 2026","passed","Fri Oct 09 12:22:52 UTC 2026","","com.coinpulse.selenium.hybrid.HybridWatchlistApiUiTest","com.coinpulse.selenium.hybrid.HybridWatchlistApiUiTest","uiStarRemovalIsPersistedByTheWatchlistApi"
"","903","rendersTheNewCoinFormShell()","","Fri Oct 09 12:22:46 UTC 2026","passed","Fri Oct 09 12:22:47 UTC 2026","","com.coinpulse.selenium.smoke.CoinFormSmokeTest","com.coinpulse.selenium.smoke.CoinFormSmokeTest","rendersTheNewCoinFormShell"
"","1695","createsACoinAndListsItInTheMarketsTable()","","Fri Oct 09 12:22:56 UTC 2026","passed","Fri Oct 09 12:22:58 UTC 2026","","com.coinpulse.selenium.regression.CoinFormCreateTest","com.coinpulse.selenium.regression.CoinFormCreateTest","createsACoinAndListsItInTheMarketsTable"
"","666","redirectsAnUnauthenticatedVisitorFromAProtectedPageToTheLogin()","","Fri Oct 09 12:23:25 UTC 2026","passed","Fri Oct 09 12:23:26 UTC 2026","","com.coinpulse.selenium.regression.AuthGuardTest","com.coinpulse.selenium.regression.AuthGuardTest","redirectsAnUnauthenticatedVisitorFromAProtectedPageToTheLogin"
"","1395","rejectsAValidUserWithAWrongPassword()","","Fri Oct 09 12:23:19 UTC 2026","passed","Fri Oct 09 12:23:21 UTC 2026","","com.coinpulse.selenium.regression.LoginErrorsTest","com.coinpulse.selenium.regression.LoginErrorsTest","rejectsAValidUserWithAWrongPassword"
"","1675","recordsASellTradeAndShowsASuccessMessage()","","Fri Oct 09 12:23:15 UTC 2026","passed","Fri Oct 09 12:23:16 UTC 2026","","com.coinpulse.selenium.regression.TradeExecuteTest","com.coinpulse.selenium.regression.TradeExecuteTest","recordsASellTradeAndShowsASuccessMessage"
"","710","rendersAnInteractiveLoginForm()","","Fri Oct 09 12:22:39 UTC 2026","passed","Fri Oct 09 12:22:40 UTC 2026","","com.coinpulse.selenium.smoke.LoginSmokeTest","com.coinpulse.selenium.smoke.LoginSmokeTest","rendersAnInteractiveLoginForm"
"","966","rendersTheMarketsTableSearchAndFilters()","","Fri Oct 09 12:22:40 UTC 2026","passed","Fri Oct 09 12:22:41 UTC 2026","","com.coinpulse.selenium.smoke.MarketsSmokeTest","com.coinpulse.selenium.smoke.MarketsSmokeTest","rendersTheMarketsTableSearchAndFilters"
"","3229","rendersTheTradeForm()","","Fri Oct 09 12:22:34 UTC 2026","passed","Fri Oct 09 12:22:38 UTC 2026","","com.coinpulse.selenium.smoke.TradeSmokeTest","com.coinpulse.selenium.smoke.TradeSmokeTest","rendersTheTradeForm"
"","1223","expandsAndCollapsesAnFaqAnswer()","","Fri Oct 09 12:23:29 UTC 2026","passed","Fri Oct 09 12:23:30 UTC 2026","","com.coinpulse.selenium.regression.CompareResultsTest","com.coinpulse.selenium.regression.CompareResultsTest","expandsAndCollapsesAnFaqAnswer"
"","1681","removesAndReAddsACoinToTheWatchlist()","","Fri Oct 09 12:23:02 UTC 2026","passed","Fri Oct 09 12:23:03 UTC 2026","","com.coinpulse.selenium.regression.MarketsWatchlistTest","com.coinpulse.selenium.regression.MarketsWatchlistTest","removesAndReAddsACoinToTheWatchlist"
"","936","rendersThePriceChartAndTopMoversFromSeededData()","","Fri Oct 09 12:23:08 UTC 2026","passed","Fri Oct 09 12:23:09 UTC 2026","","com.coinpulse.selenium.regression.DashboardPortfolioTest","com.coinpulse.selenium.regression.DashboardPortfolioTest","rendersThePriceChartAndTopMoversFromSeededData"
"","1538","showsOnlyDelistedCoinsWhenFilteredByDelistedStatus()","","Fri Oct 09 12:22:58 UTC 2026","passed","Fri Oct 09 12:22:59 UTC 2026","","com.coinpulse.selenium.regression.MarketsFilteringTest","com.coinpulse.selenium.regression.MarketsFilteringTest","showsOnlyDelistedCoinsWhenFilteredByDelistedStatus"
"","998","rendersTheUploadAndDownloadCards()","","Fri Oct 09 12:22:41 UTC 2026","passed","Fri Oct 09 12:22:42 UTC 2026","","com.coinpulse.selenium.smoke.FilesSmokeTest","com.coinpulse.selenium.smoke.FilesSmokeTest","rendersTheUploadAndDownloadCards"
"","918","showsASeededCoinAsStarred()","","Fri Oct 09 12:23:03 UTC 2026","passed","Fri Oct 09 12:23:04 UTC 2026","","com.coinpulse.selenium.regression.MarketsWatchlistTest","com.coinpulse.selenium.regression.MarketsWatchlistTest","showsASeededCoinAsStarred"
"","1535","locksTheAppAgainAfterLoggingOut()","","Fri Oct 09 12:23:24 UTC 2026","passed","Fri Oct 09 12:23:25 UTC 2026","","com.coinpulse.selenium.regression.AuthGuardTest","com.coinpulse.selenium.regression.AuthGuardTest","locksTheAppAgainAfterLoggingOut"
"","999","loadsAnExistingCoinIntoTheEditForm()","","Fri Oct 09 12:22:55 UTC 2026","passed","Fri Oct 09 12:22:56 UTC 2026","","com.coinpulse.selenium.regression.CoinFormEditTest","com.coinpulse.selenium.regression.CoinFormEditTest","loadsAnExistingCoinIntoTheEditForm"
"","1020","rendersThePortfolioDashboardShell()","","Fri Oct 09 12:22:43 UTC 2026","passed","Fri Oct 09 12:22:44 UTC 2026","","com.coinpulse.selenium.smoke.DashboardSmokeTest","com.coinpulse.selenium.smoke.DashboardSmokeTest","rendersThePortfolioDashboardShell"
"","891","showsTheSeededTransactionAndWatchlistCounts()","","Fri Oct 09 12:23:09 UTC 2026","passed","Fri Oct 09 12:23:10 UTC 2026","","com.coinpulse.selenium.regression.DashboardPortfolioTest","com.coinpulse.selenium.regression.DashboardPortfolioTest","showsTheSeededTransactionAndWatchlistCounts"
"","2016","togglesTheSortDirectionWhenTheSameColumnIsClickedTwice()","","Fri Oct 09 12:23:10 UTC 2026","passed","Fri Oct 09 12:23:12 UTC 2026","","com.coinpulse.selenium.regression.MarketsSortingTest","com.coinpulse.selenium.regression.MarketsSortingTest","togglesTheSortDirectionWhenTheSameColumnIsClickedTwice"
"","915","rendersTheRequestGroupsAndEmptyResponseState()","","Fri Oct 09 12:22:44 UTC 2026","passed","Fri Oct 09 12:22:45 UTC 2026","","com.coinpulse.selenium.smoke.ApiExplorerSmokeTest","com.coinpulse.selenium.smoke.ApiExplorerSmokeTest","rendersTheRequestGroupsAndEmptyResponseState"
"","1523","showsOnlyActiveCoinsWhenFilteredByActiveStatus()","","Fri Oct 09 12:22:59 UTC 2026","passed","Fri Oct 09 12:23:01 UTC 2026","","com.coinpulse.selenium.regression.MarketsFilteringTest","com.coinpulse.selenium.regression.MarketsFilteringTest","showsOnlyActiveCoinsWhenFilteredByActiveStatus"
"","816","requiresOnlyTheMissingPasswordWhenTheUsernameIsFilled()","","Fri Oct 09 12:23:14 UTC 2026","passed","Fri Oct 09 12:23:15 UTC 2026","","com.coinpulse.selenium.regression.LoginValidationTest","com.coinpulse.selenium.regression.LoginValidationTest","requiresOnlyTheMissingPasswordWhenTheUsernameIsFilled"
"","936","hidesAdminControlsForAStandardUser()","","Fri Oct 09 12:23:32 UTC 2026","passed","Fri Oct 09 12:23:33 UTC 2026","","com.coinpulse.selenium.regression.MarketsAdminTest","com.coinpulse.selenium.regression.MarketsAdminTest","hidesAdminControlsForAStandardUser"
"","798","requiresBothFieldsWhenTheFormIsSubmittedEmpty()","","Fri Oct 09 12:23:13 UTC 2026","passed","Fri Oct 09 12:23:14 UTC 2026","","com.coinpulse.selenium.regression.LoginValidationTest","com.coinpulse.selenium.regression.LoginValidationTest","requiresBothFieldsWhenTheFormIsSubmittedEmpty"
"","1347","explainsThatALockedAccountCannotSignIn()","","Fri Oct 09 12:23:21 UTC 2026","passed","Fri Oct 09 12:23:22 UTC 2026","","com.coinpulse.selenium.regression.LoginErrorsTest","com.coinpulse.selenium.regression.LoginErrorsTest","explainsThatALockedAccountCannotSignIn"
"","894","keepsAnAuthenticatedUserAwayFromTheLoginPage()","","Fri Oct 09 12:23:23 UTC 2026","passed","Fri Oct 09 12:23:24 UTC 2026","","com.coinpulse.selenium.regression.AuthGuardTest","com.coinpulse.selenium.regression.AuthGuardTest","keepsAnAuthenticatedUserAwayFromTheLoginPage"
"","1566","apiDeletedCoinDisappearsFromTheMarketsTable()","","Fri Oct 09 12:22:47 UTC 2026","passed","Fri Oct 09 12:22:48 UTC 2026","","com.coinpulse.selenium.hybrid.HybridCoinApiUiTest","com.coinpulse.selenium.hybrid.HybridCoinApiUiTest","apiDeletedCoinDisappearsFromTheMarketsTable"
"","885","listsCoinsByRankAscendingByDefaultWithBtcFirst()","","Fri Oct 09 12:23:12 UTC 2026","passed","Fri Oct 09 12:23:13 UTC 2026","","com.coinpulse.selenium.regression.MarketsSortingTest","com.coinpulse.selenium.regression.MarketsSortingTest","listsCoinsByRankAscendingByDefaultWithBtcFirst"
"","877","rejectsAnUnknownUsername()","","Fri Oct 09 12:23:22 UTC 2026","passed","Fri Oct 09 12:23:23 UTC 2026","","com.coinpulse.selenium.regression.LoginErrorsTest","com.coinpulse.selenium.regression.LoginErrorsTest","rejectsAnUnknownUsername"
"","1228","rendersOnePriceChartPerComparedCoinOnTheChartTab()","","Fri Oct 09 12:23:30 UTC 2026","passed","Fri Oct 09 12:23:32 UTC 2026","","com.coinpulse.selenium.regression.CompareResultsTest","com.coinpulse.selenium.regression.CompareResultsTest","rendersOnePriceChartPerComparedCoinOnTheChartTab"
"","1581","signsInWithValidCredentialsAndLandsOnTheDashboard()","","Fri Oct 09 12:22:38 UTC 2026","passed","Fri Oct 09 12:22:39 UTC 2026","","com.coinpulse.selenium.smoke.LoginSmokeTest","com.coinpulse.selenium.smoke.LoginSmokeTest","signsInWithValidCredentialsAndLandsOnTheDashboard"
"","1097","redirectsAStandardUserAwayFromTheNewCoinForm()","","Fri Oct 09 12:23:04 UTC 2026","passed","Fri Oct 09 12:23:05 UTC 2026","","com.coinpulse.selenium.regression.CoinFormAdminGuardTest","com.coinpulse.selenium.regression.CoinFormAdminGuardTest","redirectsAStandardUserAwayFromTheNewCoinForm"
"","928","showsAdminControlsForAnAdminUser()","","Fri Oct 09 12:23:34 UTC 2026","passed","Fri Oct 09 12:23:35 UTC 2026","","com.coinpulse.selenium.regression.MarketsAdminTest","com.coinpulse.selenium.regression.MarketsAdminTest","showsAdminControlsForAnAdminUser"
"","942","rendersTheCompareBuilderShell()","","Fri Oct 09 12:22:45 UTC 2026","passed","Fri Oct 09 12:22:46 UTC 2026","","com.coinpulse.selenium.smoke.CompareSmokeTest","com.coinpulse.selenium.smoke.CompareSmokeTest","rendersTheCompareBuilderShell"
"","1555","filtersTheTableToACoinMatchedBySymbol()","","Fri Oct 09 12:23:07 UTC 2026","passed","Fri Oct 09 12:23:08 UTC 2026","","com.coinpulse.selenium.regression.MarketsSearchTest","com.coinpulse.selenium.regression.MarketsSearchTest","filtersTheTableToACoinMatchedBySymbol"
"","968","showsRequiredFieldErrorsWhenSubmittingAnEmptyForm()","","Fri Oct 09 12:23:18 UTC 2026","passed","Fri Oct 09 12:23:19 UTC 2026","","com.coinpulse.selenium.regression.TradeValidationTest","com.coinpulse.selenium.regression.TradeValidationTest","showsRequiredFieldErrorsWhenSubmittingAnEmptyForm"
"","1355","uiDeletedCoinIsGoneFromTheMarketsTableAndTheApi()","","Fri Oct 09 12:22:49 UTC 2026","passed","Fri Oct 09 12:22:51 UTC 2026","","com.coinpulse.selenium.hybrid.HybridCoinApiUiTest","com.coinpulse.selenium.hybrid.HybridCoinApiUiTest","uiDeletedCoinIsGoneFromTheMarketsTableAndTheApi"
"","2048","uiRecordedBuyTradeLandsInTheTransactionsApi()","","Fri Oct 09 12:22:52 UTC 2026","passed","Fri Oct 09 12:22:54 UTC 2026","","com.coinpulse.selenium.hybrid.HybridTradeApiUiTest","com.coinpulse.selenium.hybrid.HybridTradeApiUiTest","uiRecordedBuyTradeLandsInTheTransactionsApi"
"","1009","opensAndCancelsTheDeleteConfirmationWithoutRemovingTheCoin()","","Fri Oct 09 12:23:33 UTC 2026","passed","Fri Oct 09 12:23:34 UTC 2026","","com.coinpulse.selenium.regression.MarketsAdminTest","com.coinpulse.selenium.regression.MarketsAdminTest","opensAndCancelsTheDeleteConfirmationWithoutRemovingTheCoin"
